Variable1,Variable2,Variable3
43.24092157,1.099340253,-2.001874475
122.5041171,1.745916014,0.13107702
-32.53481032,0.650921516,-0.257320188
46.7662667,-0.178906541,1.573514001
103.2512461,0.25183081,1.425348857
-58.20645541,-0.559867006,-1.15692306
-261.2436045,-0.939640646,1.483315029
86.70359145,2.05895449,-0.116540863
-16.07058855,1.012559903,-1.453697405
53.206726,-0.073194192,0.682895723
93.22093276,-0.427715938,1.206915227
-166.4647045,-0.438690734,-0.023047032
-67.13506354,-0.307850158,-0.155615112
163.8364938,0.817140778,0.532479431
92.50704225,-0.01162826,-1.375934581
-34.89858466,-0.792276203,-1.077062076
27.55735727,1.355257643,-0.951053617
62.72309535,-0.212342089,-0.192910636
138.3337379,-0.007740102,0.121988221
261.4324262,0.820636196,0.445436659
-108.5873174,-1.399254915,-0.031146597
7.356148206,-0.50502847,-0.311107561
-109.1827777,0.836749623,0.831993163
93.64192789,-1.508358547,-0.419632374
60.74126099,0.973760005,0.853038428
-3.793289907,-2.018820314,-1.152482535
144.1028258,-0.545089441,-0.133742016
0.129207404,0.863130974,0.101200547
-11.53755345,-1.367440173,-0.812091533
-96.67833972,-2.142746883,-0.078787487
-180.6081353,0.03046427,-0.703190687
200.1372861,-0.174532097,0.100839885
-185.5200105,-0.20026641,0.754709424
45.22286942,0.027533563,1.208499019
45.79136759,1.043360483,0.593268345
-74.53686988,0.194150727,-1.369202446
-57.9935627,-0.310387202,-0.245583101
53.54754175,0.668043583,-0.881947895
73.03842309,-0.861866069,0.268549073
74.6361238,0.778169534,-0.518637178
-77.05953568,-0.006262042,-1.62723136
-59.71422628,-0.295282356,0.831506028
-66.1210067,-1.185965767,0.122149862
-122.9097238,-1.841176373,0.130015273
61.46240623,0.768551893,-0.733662382
70.41513274,-0.482155618,-0.691872551
102.2095446,1.244225157,-0.120644457
-10.54782842,0.35843094,-0.7369105
32.74635125,-0.844235997,0.354299943
-30.96064857,0.271958794,-0.246929763
-9.537032451,0.487120218,1.145231372
30.47727988,1.460355373,-0.566007295
98.29758025,0.124878236,-0.047822777
-46.15806786,-0.566704832,0.589488884
-166.6919142,-0.685551901,0.865474215
272.0694639,0.07028469,0.527260566
-13.88062948,-0.634395177,0.895109482
147.4684197,0.01757226,0.879979936
-88.92297773,0.874243562,1.011599769
63.7687556,-1.64701155,0.691170809
-105.8385586,-1.344045507,-1.44351085
26.53506782,-1.79042162,-0.693317744
-111.1508687,0.360077051,0.95545004
129.6410235,0.835547211,1.798924392
-45.19291978,0.105190155,1.193630051
-3.479621452,0.098989663,2.305058964
-27.73019039,0.54592669,-0.827716283
-47.9318353,-0.524705813,0.503072946
-137.8413781,-0.33571565,-0.886570763
354.0691383,3.396637688,0.191980358
9.488290813,-0.879228674,2.282670331
-192.5617952,-0.202827099,0.309172469
137.4308293,0.570343187,-0.990682199
296.3647761,0.868240434,0.977189661
-97.80750976,1.283100085,-0.081543405
-63.87552166,2.002448431,-0.085345065
-66.49543185,-2.004107033,-0.627177693
9.70745272,0.142471411,1.649558989
59.70305081,-0.313805731,-0.692439747
88.77907352,0.405284777,-1.091089463
-49.1865385,-2.264954364,-0.466371028
95.6834656,0.355423004,-1.498842002
-225.7777523,-0.487108119,-1.142226086
148.9309144,0.559094217,-0.190746534
-74.72808774,-0.458610164,-1.145599749
-106.5836115,-0.396075251,-0.018338175
-68.43508552,-0.424765632,0.329486494
74.01550737,-0.951902176,-0.031349908
-108.0348905,-1.38114457,0.297239423
-114.4502414,0.299501317,0.167145774
171.6424695,-0.542747972,0.853837571
79.66289078,0.025865061,0.077808608
28.702926,-0.941019651,-0.5491222
-149.9560462,0.702041214,-0.793827843
106.2809874,0.337494894,0.52956629
-187.2713552,0.93299928,-0.857666957
-25.23892795,0.531273329,-1.35678146
51.50429795,-1.500297505,0.566186662
88.43923282,1.769862505,-0.511856007
-41.68008749,0.262872106,-0.500825315
157.6302347,0.870831917,0.486953663
167.6068223,-0.430589525,0.226244492
134.0034408,0.290270708,-0.278503875
-10.9866233,-0.207864936,0.096795011
197.8500881,2.568472367,-0.016175804
-11.40439192,0.326854141,0.32577587
144.8917821,0.14234936,-1.58247509
25.29454444,1.385338992,0.356786361
-114.9033154,-0.803605627,-0.141409729
-0.164670965,-0.966262099,0.556581788
-182.1189081,-1.302574583,0.51962856
-149.4964951,-0.891311433,-0.763084194
-57.71678509,0.69541884,-0.730724999
191.2412551,0.681929209,2.167463245
-96.18571741,0.179499991,1.582166271
-121.8128887,-0.765791563,0.290095273
-92.43965954,-1.271113583,0.058989
42.21500435,-0.844979338,-1.528449053
129.0965715,1.880866435,0.206142779
-59.44000353,-0.499129422,0.685302007
-117.7416575,-1.563291755,-0.717086892
58.45879601,0.651172869,0.751816149
-29.30077457,-0.722196231,-0.406475414
155.9257235,0.519508857,1.119938816
14.03741675,0.800120161,1.676779631
-31.33736864,1.01907654,0.762795707
173.7550006,1.37500671,-0.287305971
183.0747934,1.460980358,-0.561697113
-162.8018417,-0.479743178,1.150883938
109.7210533,-0.158569937,1.932234586
3.337301821,0.874267969,0.503193816
21.60721752,-0.169673501,-0.96995125
-197.908852,-1.255399766,0.133140589
-71.88844243,-0.763501218,-0.567838831
134.8106041,-0.447891833,0.447345925
-72.35932538,0.150085492,-1.174482849
190.4451501,0.228789351,-0.388601881
-310.9921957,-0.273518802,0.368081115
118.2055418,0.731986592,-1.166655788
-73.01336538,0.877095733,-0.27311891
-154.3955744,-1.450604336,1.103143606
57.42981613,-0.86125482,0.313192085
93.63088746,1.883453825,-1.261752385
-88.15150428,1.425809969,-0.799183073
-53.1953963,0.851240205,0.874647114
-76.42486779,-0.812420399,-0.269463607
228.8363275,-0.270490361,0.202319442
-24.18348473,-0.327643464,0.077683439
73.93458459,2.217170928,-1.537294424
90.85335461,-0.362256673,-0.290076841
22.63241583,0.164518523,0.759724739
-24.44928529,0.3931996,0.855214636
11.29832788,0.021007959,0.011875158
50.91846351,1.770193691,1.840503321
-113.9182105,0.993505351,0.547983043
-36.54480947,0.313940408,-0.292773137
-125.051488,-2.295173724,-1.301175802
10.97491007,0.447157961,0.271752925
99.99652503,0.766639541,0.664499374
-186.6108895,0.241148974,0.998137086
17.52628447,0.626809484,-0.849786807
-25.2554954,0.625670074,-0.03397076
113.9062039,0.915201536,0.285647045
-210.2426116,-2.694392712,-0.085064925
19.36496376,1.405558605,2.117561469
-61.1178497,-0.447870422,0.630382826
63.27109224,1.668359188,1.096260212
5.733668118,0.592283161,0.773137457
173.6817077,1.504897171,-0.770977384
-50.10786236,-0.275389792,1.167813881
-80.83689257,-0.983553194,-0.109360563
217.3818584,0.93961556,0.77318976
205.5874063,0.99633312,1.656333781
-137.7528572,0.599214309,0.443245805
-123.2236407,-0.668664964,-0.734834255
56.05500313,0.737598127,-1.357328937
30.4050516,0.929821238,-0.472778474
84.45820192,-0.534577244,1.731849152
-36.94613254,0.803624041,-1.484303912
48.57603106,0.01651964,-0.380935455
-48.62597389,0.624266424,2.274787356
-206.8798904,-1.633574235,0.154630181
-85.76445373,-1.126473837,-0.810829131
208.0422535,1.276948663,-1.026231933
-227.9274432,-1.354045642,0.442230254
0.445126427,1.214677136,0.979931416
108.2817328,1.181759096,-1.472403511
-169.3713712,-0.233502695,-2.543690165
147.0927649,1.625501901,0.299136744
77.19435854,2.140359134,0.635635871
67.08052121,-0.84648344,0.553299621
12.06912753,0.389835472,1.465426914
-65.1183583,-0.446846949,0.98718809
-63.14074919,-0.009395683,-1.387833413
-80.35313317,-1.133074582,0.004891435
53.56319275,-1.754893189,-1.290404121
11.90169642,0.199543305,-0.385455682
-135.3393346,0.822942169,-0.816234098
20.0545638,-0.406142092,1.821541931
12.49429737,-0.713537114,-1.610988395
-113.3098249,0.687441825,1.405292955
40.84812581,-0.209808814,-1.466258602
-4.104313492,0.177280412,1.196395611
59.48285174,-0.641879788,0.174835284
24.19913971,-0.837544643,0.597594198
195.5463786,-0.168407246,-1.67226504
-75.57080116,0.846661866,0.21932117
44.97148119,0.818413017,-1.106932151
-95.45915479,0.686552338,-0.93788456
-137.0754692,0.140160591,-0.2394073
-87.5338467,0.1179313,-2.421195755
64.5524011,-1.171586017,0.723833601
-2.902617815,0.232774508,0.172679793
-93.99814989,0.16692013,-0.537780309
35.35699259,1.254431712,0.516753098
145.4152234,0.146772244,0.469345059
195.49423,0.83206603,0.119239945
106.8497493,0.284568743,0.231676365
-72.69429723,-1.38483395,-0.992061908
49.98081082,0.260415046,0.445253244
-59.97536703,-1.365440604,-0.053840364
-190.4857708,-0.456189205,0.867800075
-18.83766069,0.73060709,-0.270405147
-119.646983,0.146868803,0.699386469
128.5624671,2.286224024,0.067157001
25.44779236,-0.329573324,-0.933462363
-189.8804958,-1.017057491,-0.713659337
23.69057023,0.094140849,0.790031772
56.5154469,1.279258594,0.089637622
34.33407929,-1.325168712,-0.450299733
-162.6444447,-1.014270083,-0.638824898
5.799578342,0.520489279,-0.829050725
63.81613973,-1.304917869,-0.571523013
212.2313608,1.353934193,-0.090673553
6.311792497,0.698421632,-1.246920836
130.5854625,0.754244015,0.832105457
167.3878776,0.809601424,-0.011587776
191.1917226,1.335205861,0.641795162
66.44224014,2.264318077,-0.088172526
-92.79913545,-0.218972805,-1.09870376
17.37508357,0.300125609,1.817161688
-86.94444965,-1.182087682,1.844636867
-57.22812656,0.032262836,1.308723012
147.8135753,0.780971223,0.681502471
-155.7675524,-0.201991869,0.456484987
-93.72229378,0.402403942,1.535399052
-76.93866731,-0.088020141,0.251979475
85.32389685,0.815333945,-1.024536125
23.64218055,-1.70947236,-1.214482843
-26.1340407,-0.675138228,-1.649355426
-99.76894963,-0.376114693,-0.644686835
31.92145378,-0.374979471,0.799168984
-51.5026384,0.329828046,-1.410582746
-85.97810167,-0.883309897,0.329762767
20.97450751,-0.751825285,-0.588338157
-32.40381503,-2.159772227,0.784684024
-0.255736614,1.836589077,0.530857921
-156.1479808,-1.753402146,-1.165568999
152.8430311,1.513199667,1.584144802
161.5183156,0.172763571,-0.54121558
105.0505665,2.339919788,1.05707484
-20.80328389,-0.099608903,-1.078966114
55.84239681,-1.340423487,0.749384976
63.62615315,0.707856776,-0.833250936
-69.69557081,-0.591575154,0.983142087
51.97120837,1.372709063,0.148084403
-151.9654278,-1.467134842,-1.864621477
19.53934925,-0.407297285,-0.235222249
-219.1172279,-1.615887944,-0.232002483
56.70271959,1.110164119,0.46870274
76.5670028,0.312490494,-0.454824399
151.5207955,-1.152178564,-0.024854177
133.6679326,1.290368093,-1.479548281
82.50634677,0.837751683,0.75665622
-23.43098734,0.139892041,-0.541501965
27.25321532,2.330487156,-0.55845833
40.87116258,1.561362604,0.559259655
76.78325059,-0.137645637,0.53136664
304.3480296,-0.061415333,1.348577155
-233.4097867,1.080533377,-0.003470957
45.19224139,0.290186096,0.234619683
-227.4772154,-1.369786437,0.938928796
104.3303153,-0.047853344,-0.855345167
185.1680922,0.567431157,-0.75017197
14.72180784,-0.371612826,0.428284024
39.64590542,-0.428837548,0.48172714
25.75008983,-0.659648917,-0.919582392
91.25862065,0.671202964,-0.558787236
68.87677085,0.361406249,-0.528371797
92.09660908,-0.107492777,1.110224948
-64.29500097,-0.577273073,0.71904799
-53.16279466,0.077180223,-1.024658274
7.531573292,1.27050468,-1.727909999
97.74034819,-0.336269961,0.823554488
56.41191846,-1.217943948,0.672114082
-106.2479992,-0.96459624,-1.404592699
-115.6983448,0.785828935,1.267782623
274.5673304,-1.164505388,0.156744709
-2.478935057,0.988793255,-1.321875073
25.17420855,0.438225685,-0.269533786
-82.08309301,0.295944973,-0.24569779
129.7452398,0.693287837,0.586603565
185.4408114,2.678243514,-0.508044147
-3.91288014,0.423627308,-0.102779061
71.68419226,-0.109651668,0.671641446
-91.27815534,-0.119107962,-0.536513138
-127.519882,-1.424924866,2.292900464
136.7197554,1.425414813,-0.209560293
25.82149896,0.80897724,-0.14690705
-101.1574097,-1.677840146,-1.965745536
65.57396099,0.075567213,1.814576145
-94.6618217,-0.02631004,-1.717762942
-6.07084891,-0.506869815,1.889611958
-14.57688118,-0.321353312,0.309452266
17.34649733,-0.139015096,-0.393484058
-182.3676241,1.202848213,-0.788489841
208.595143,-0.253920227,-0.032043552
-6.965827231,0.699883885,-1.121981336
-75.05956761,-0.306799679,-0.506846608
-140.475565,-0.561168024,0.644343229
86.73877173,-0.424193368,0.046411343
270.2476359,2.800826233,1.065368009
56.16163341,1.153809761,0.429659429
-37.5610141,-1.058041345,0.470400031
-61.5703506,-0.603978287,-0.28412373
-77.33760152,0.846437267,-0.063799535
-61.74272918,-0.512395232,0.546065326
78.36093178,0.198193324,1.196563065
141.8129128,0.226962511,-0.268433083
-154.3484256,-2.650695997,1.279859592
-90.14908571,-0.489197192,-0.959805964
38.37874646,0.4139553,-0.561209642
45.67999675,-0.228415112,0.410935848
39.98232524,-1.645019359,-1.011128406
-84.40394421,1.569518578,1.240153322
-30.14527669,-0.701179016,-0.713894166
-74.85429647,0.656196957,-0.039152995
-2.819589566,-0.145552867,-1.138199939
5.601724945,0.558158582,-0.641630713
34.97786571,-0.295517549,0.947312961
-3.48125995,0.08705941,0.832467513
-82.76883366,-0.219526059,-0.960506346
-81.76864492,0.593872984,1.352245613
128.778825,0.950134139,0.725187944
-97.99034944,-0.521898203,1.407452078
-105.0507911,0.602613886,-0.344682626
129.1591697,2.43077819,2.732832765
-122.1683486,-1.0232395,-1.061631909
215.4665876,-0.305453621,0.822489353
62.17694682,-0.895563293,1.9693906
3.488555428,1.404220989,0.526581221
35.20616166,0.917598109,-0.341974931
151.4052119,-0.141670699,-1.704950286
-57.06214329,-0.654509519,0.72813453
-170.8729042,-0.371168983,0.018529257
-22.90761234,-1.662587832,-0.643711993
-110.3491366,-0.571601123,-1.020279167
-152.1532313,0.690295923,-0.110848979
175.5158109,1.191652544,-0.513850267
-28.82354543,0.788397834,0.345949989
-28.27719501,0.178879669,-1.317898095
85.82236952,1.232508944,1.152465206
113.201085,1.204811179,-0.204361651
166.197284,0.252885218,1.109235549
-132.9296693,0.492745563,-0.929193439
-192.9143101,-0.456133398,0.378018669
126.9017243,0.726445675,-0.616675324
-49.23887651,0.591739678,-0.499096117
176.8168505,0.98366077,2.218756415
84.76141643,-0.825994488,-1.256887553
52.69629914,-0.971851849,0.249036728
-175.9960519,-0.874779712,0.110657948
-107.4311479,0.078457635,0.786587301
57.85905004,0.909317323,0.363894177
-79.80313658,0.338322124,-0.035605779
-16.22898892,0.286080909,-0.551500999
-79.57046907,-0.627377096,1.061069181
-169.0237849,1.668143402,-0.166702432
134.6970969,0.113789243,0.206273139
139.8912431,0.967636502,-0.332830425
-177.6459871,-0.698042089,-1.165625686
28.86252998,1.041464472,-0.818575399
157.5841156,0.08966378,-1.169729461
104.8214962,-2.730163231,-1.298489279
-141.2157659,2.661844252,0.082591475
-114.9055736,-0.965279501,-0.674642751
-33.44221274,0.044733803,2.20430614
72.31545711,-1.137225867,-0.485426096
-26.55272149,0.520533053,-0.415046158
243.1623524,1.198537858,1.433260398
-13.88352366,-1.835461476,1.833558476
26.52111746,-2.574190726,-1.428151706
-165.1510385,-1.535805629,-1.169536692
88.32991486,0.372514043,-0.074560125
25.54609835,0.892476527,-1.209820751
-37.42536595,1.318710787,0.143509146
-30.01603449,-0.090983169,0.489000384
26.95220119,0.919129529,2.021674042
-301.2269425,-0.846316247,-2.714502511
26.52237412,0.232977307,-1.444707911
-7.486001906,1.233490893,-0.078840932
144.1787721,0.781913426,1.996606042
-4.510430683,0.380510054,-0.190669134
60.66969907,-0.828682542,0.188211471
-78.90702578,-1.381082182,-2.628016776
257.6034222,1.28416557,0.457799643
-91.71420341,-1.973455532,-0.646671549
-103.3341566,-0.340746247,1.534972172
-88.08135946,-1.267273512,1.713845542
0.488504126,-0.932973835,1.686797059
-77.04871935,-0.166789082,1.601158493
-43.91970813,-1.921052739,1.391657125
-78.28232654,-0.528481887,0.960075786
132.5300191,0.238939117,-0.864420689
66.6235902,0.654630483,0.591994633
24.47415965,1.426749614,1.237189195
85.2367077,0.06047774,1.012050138
-98.4704556,-0.518612632,2.000369854
-84.72361353,-0.846799213,-1.048259554
-82.93910298,1.249941386,0.345171143
-69.20889783,0.558903465,1.179505289
119.1665999,0.775907356,1.538853525
-41.5242358,1.212385604,1.601785265
15.20456087,0.091447455,-0.124639079
79.91525967,-0.99893264,0.917625409
82.48913884,-0.942428958,0.705941553
-138.3526702,-0.631927297,-0.705747786
-128.2996566,0.743325872,-0.254560264
-211.1098548,0.527127189,0.869941714
119.7636018,-0.978769459,-1.581224388
-59.39156544,1.021618051,-0.121317599
-87.70930797,0.147205412,0.741947286
-139.1327005,-0.414942221,-2.334814209
-16.30767827,0.996519518,-0.981378494
79.43028461,-0.094097192,0.663836417
202.1693715,-0.497910498,0.209384345
-36.81049735,-0.350201669,0.336504362
-97.67256941,0.827664925,0.096039386
-88.74201266,-0.161577207,-0.832150046
105.493166,1.055654546,0.622996798
254.8731557,1.305798328,0.759848697
73.72118336,1.641876542,-1.504730942
-166.2424707,0.423048391,-2.190196143
28.53680073,-0.217441828,-0.940847419
-19.65989479,-0.863500952,-0.856820948
52.10931226,0.765606614,-0.056951225
101.3539526,1.690657109,-1.347631149
-101.468769,-1.251488755,1.032610842
148.8856673,1.177432645,-0.104795276
-5.178847462,-0.298956764,-0.291755842
100.153116,0.584692989,0.220064132
74.38212814,3.076695616,1.023282586
-30.09010811,-0.6075823,-0.72350125
-195.2552188,-2.480237855,0.973011753
216.3619808,-0.226644487,1.576255117
65.56442174,1.275890843,-1.225255166
-115.0004946,0.975219299,1.006490169
-74.54984648,-1.061440924,-1.700205664
126.5223256,-0.479727047,0.584343618
1.307957481,-0.347850259,0.286677097
75.15065467,-0.114406357,1.391408034
-150.3053372,-0.149646513,-0.945629136
-196.368488,0.609714107,-0.325237632
202.2941566,1.153547126,0.435991863
-139.7757809,-0.218846247,0.761524514
304.5868842,1.246777823,0.860145373
27.23261415,0.380083363,0.280084979
-74.81690379,0.157837964,0.313079833
11.64569206,0.624635859,-1.664944364
-152.7536182,-1.819425958,0.772728154
-84.39610456,-0.383922625,-0.138002897
37.4333418,-0.019403989,0.26666858
214.3100879,0.214709228,1.273407702
54.71490695,0.590285186,-0.301645278
80.58269015,-0.36236534,-0.225002552
-118.4608174,-0.422222966,1.29686091
28.0194465,0.46912657,0.187345381
30.40559826,0.002769132,0.983564249
151.5741012,-0.23342757,-1.103876008
136.5689612,1.075531615,-0.690862674
114.8115247,0.455859157,0.023042535
39.27390368,0.401609452,0.898036003
45.9231806,0.010734495,-0.112763663
14.17339696,1.713480426,1.224968254
-25.67565343,-1.039463444,-0.595549069
130.0081352,-0.784040508,0.336156574
33.49255931,1.165992118,-0.816527499
-88.61153608,-0.011314176,-0.155842994
81.21896866,-0.464762186,0.610425689
56.03307924,1.472061634,1.573405045
-150.3927103,0.434845178,0.835794358
98.15481936,0.899213647,0.271783859
-110.5412872,-0.611324846,-0.93029905
-53.93214945,-3.130864609,1.307289455
77.66574816,0.562032244,-0.708088502
194.7263272,-0.239588262,-0.965660425
129.7752882,-0.631886462,-1.203582593
57.91169959,-0.10822916,1.237116714
11.39061082,0.433371794,-0.707479302
116.7383322,-0.928971668,0.493142382
39.97256695,0.021979624,-1.979383498
-121.1852425,-1.287455162,0.470828356
-177.2607674,-1.00298671,0.256776149
144.882527,0.27648545,0.432479639
17.30886391,-0.56539814,0.046596851
50.61135162,1.104222959,1.630287964
115.0440524,0.532162974,0.38803972
155.2960057,0.818566376,0.010215632
20.29592703,1.065823825,0.013930083
-4.239601009,-0.920999659,-0.177228582
-170.1240588,-1.467958092,-1.146947765
59.75982024,-1.100183244,-0.664218546
-156.9880982,0.313672909,0.715236216
148.6095769,0.713029102,-0.526264194
-22.18916871,-0.681717593,1.611678012
96.52227614,0.996216641,-0.445878219
66.63654881,0.031491383,0.647191024
-41.836738,-2.070385677,-0.649096872
-98.50873104,-0.282501617,0.304673723
-12.14875324,0.151233571,0.252892986
15.55647043,-0.189250582,-0.187500893
-36.06542404,1.561130237,0.66899491
-55.26052397,1.542925194,1.457679062
-236.149125,-1.201785574,-0.240064858
112.6178003,-0.817986618,1.212832366
-171.1373658,-2.027906456,-0.037012698
8.121016158,0.571980347,0.052496014
-56.3270619,0.281674217,1.391571149
-119.4065909,0.60701356,1.156461422
-148.4352472,-0.170799423,-1.054529833
-137.9715318,-0.732851498,-0.610753028
133.9562026,0.736067837,1.208452605
-3.663680447,-0.864532126,-0.00623884
-46.77861935,-0.443932292,-0.091318322
155.9200262,-0.288393825,0.405867319
-101.0062637,-0.383343718,-0.114096049
-84.18645187,-0.228202784,0.199251014
52.58280015,-0.858009398,0.123619411
53.17710454,-0.100316704,0.080594314
3.626895369,0.938387224,-0.10772426
157.3282934,0.39781779,-1.097472047
29.92989903,0.027332757,0.28146438
-75.56618583,1.323931288,0.201292597
-58.35024327,-1.975564955,0.419574734
-84.67212562,1.634842176,0.792462903
13.61847118,-0.114256898,-0.72606611
72.51878319,1.971647746,-0.368393099
58.62248738,-0.361594389,1.103028669
-72.50928236,0.906317246,0.510508576
4.020366734,-0.142898595,0.284655116
-23.86229543,0.035347038,0.881737231
95.02465045,0.033602172,0.065270355
42.80414332,0.094496463,1.478223367
86.5514107,0.487195339,-1.712762861
103.6645555,-0.951175073,-1.000759424
-108.4469417,-1.137139257,-0.321415909
45.51775363,-0.585452486,-1.428006376
-252.923193,-0.582138689,0.008005992
-58.24356246,1.470487752,-0.827617783
-106.9253025,-0.356749627,0.336347902
88.89168459,0.711404012,-1.845754751
-42.38932721,-0.963034619,-0.882340471
139.5749974,0.650906563,0.740961786
-120.5243982,-0.563646728,1.469342944
-94.66832687,2.213781958,-0.704759948
198.1178491,0.622125766,1.707871658
146.7667244,-1.673572921,-0.057338666
29.6894025,-0.15598019,-0.11535966
153.9595971,1.420214129,-0.489521562
-128.0395708,-0.137604314,1.46118809
-117.7155254,-0.217093668,0.229479577
106.6334155,-0.067553707,1.240258652
13.59982493,-1.227545369,1.969679851
-41.07196046,0.026122596,-0.301298293
14.73186268,0.031815918,-0.566603708
-71.2387384,-0.203623266,-0.341117017
7.735079931,2.277663746,-1.140889885
248.410342,0.911235959,-0.293242226
21.23774019,0.934411695,-0.30322764
-0.162021099,0.073073559,1.682582832
-79.2752864,-1.212402843,-0.041846092
-48.13876218,1.589365996,0.334557283
-111.3008069,-0.209164532,0.056293973
105.7156648,0.708095117,1.712804821
-104.7383012,-0.171700712,-0.078067615
-137.0311277,-0.507548637,0.145365562
-1.183104417,-0.610203008,-1.585085594
70.42659564,-1.185740508,1.269737659
-18.73586419,-0.901801785,0.109561096
-86.57713289,-1.942494478,-1.196013657
-38.64373521,-0.750731427,0.491215419
-56.53369086,-0.591851781,1.394169602
-21.53847759,-0.422448723,0.063673825
-51.10027366,1.086080293,2.240471774
-94.3528442,-0.003328723,-1.0615474
-63.81950347,0.307819242,-0.213127362
64.34985587,-1.304119696,-1.059625199
-194.5793681,-0.835399553,2.207180859
61.58295798,0.650034893,-0.716281347
-0.766526212,0.370179293,0.331517886
21.04965844,-0.476973122,-0.747535471
-77.12041767,0.544104,2.408775207
10.97533837,1.431005987,0.999485881
240.5230975,1.035767705,0.316581131
-80.56762369,-0.980999566,-2.091935503
69.75880675,0.675413746,-2.177383634
-124.0902274,1.014013037,-0.356159093
-143.5650045,-1.776283469,-0.367593757
71.67200298,0.619191189,-0.674123331
-41.06433332,1.218519161,-0.165615107
57.88804747,0.575100947,0.171119443
209.6852799,0.984497099,0.997480568
-57.02577917,-0.351222783,1.060871349
-105.7721475,-0.474569991,-2.375713833
256.6123274,-0.267637788,0.771091422
15.25662344,0.743438574,0.793059321
59.86848854,-0.106605005,-0.46016946
204.5780836,-0.018963977,-0.196020332
86.7677115,-0.648247878,-0.135730818
48.99238489,-1.213881073,-0.683328902
73.34238308,-0.128072974,0.871423361
-79.5313825,0.471725421,-0.085445121
-43.23897548,0.715721179,1.275747162
-110.3440228,0.697465232,0.79667798
-49.99203957,-1.001506583,-0.495492402
44.18470479,-0.467454342,1.395486321
-200.1430375,-0.764555117,-0.452380976
68.7575167,1.678640354,0.037772455
71.32718103,1.312779024,0.007667715
-74.42014943,-1.224720594,0.063735013
-32.93807957,-1.124295863,-0.856579764
-60.2270274,-0.403535448,-0.929835927
174.124563,-0.262297091,-0.877707107
-102.4250582,-2.037470426,-0.188851711
-44.59751887,1.074157841,0.098988895
128.6558922,1.665420044,2.688345229
-167.0900684,1.038430249,-0.678892861
-136.4124678,-0.427751899,-0.540509248
-9.126519411,1.076530524,-0.72328711
-24.20086928,-0.895104838,0.842593777
-116.1490142,-1.38299796,0.660211932
45.24741516,0.925586592,1.35786255
61.5463477,-0.628707338,-0.766437008
167.8723289,2.156959156,-0.225714234
56.25502416,0.000944903,-0.207388534
14.47898306,-0.574642421,0.133928183
-203.7402119,-0.620182701,-1.627304524
25.86143076,-0.961988728,0.810196942
75.43243799,-0.687480743,1.93282214
114.1373383,-0.036929762,0.38912674
-110.1599775,0.32797494,0.067975139
75.17983086,0.761707882,0.362750425
82.11115439,0.526489008,-1.298729087
48.55077885,0.571502366,-0.056635734
-57.11882716,0.874139342,0.906439614
81.05901863,1.220379333,-2.135377972
34.32364795,-0.539105522,0.268284265
9.938154682,1.645699928,2.456950326
-148.6486827,-2.244321576,-1.841795859
72.23468026,-1.867746974,-0.575323082
134.4033388,0.121273438,-1.206993452
-180.2824462,0.474976697,2.53807721
299.2734497,1.750560488,0.415076771
-60.25408535,1.639751441,-0.567929652
115.7217045,0.023296149,-0.751794969
-0.247039849,0.196502777,-0.28269891
78.7476228,0.664532941,0.535916405
0.363397135,-0.491810815,1.111569219
70.10427373,0.233262508,0.619560444
2.437662067,0.270779213,1.099646969
136.7143206,2.190564586,0.233647065
-29.05212926,-0.093761775,-1.182612909
109.651042,1.316831173,0.914026067
273.6855799,-0.529984531,-0.870069391
58.42331005,1.203812855,-0.618527133
-140.2829123,-2.17504096,0.718790662
116.5653604,-0.27977502,0.676974227
-29.56168559,0.938046903,0.742412966
8.113002248,-0.335972323,0.517375006
24.49141713,-1.009974206,0.905948429
53.26425817,-0.346243767,-1.512077797
97.93374197,-1.284234594,-0.608077301
43.49957724,-0.919451786,0.761601648
174.1830132,1.934748037,1.420799428
-100.9916134,-1.150533781,-0.010883631
-15.04527444,0.101641522,1.011828694
10.00744558,0.067260669,0.128646143
41.54871218,0.849634994,0.232156025
91.02589179,0.381608483,1.676937815
54.35625646,-0.385571525,-0.844135293
-15.86556141,1.51846677,-0.616079001
86.94778071,0.349342427,0.757953671
-16.98089088,-2.012828222,0.98820864
-62.04530049,0.652073753,-0.533971043
-158.0198772,0.320742485,-1.936054254
-173.0567482,-0.423879461,0.355705213
-120.0175893,-0.822952108,1.216971303
30.41883728,0.570609259,0.28546062
-28.39599213,-0.604252251,-0.298934015
-165.5579282,-1.231706486,1.476288932
-120.2176999,-1.407224016,1.14290744
88.77314848,-0.763763982,1.392227603
135.7410145,1.56872016,0.167924306
234.1666562,0.835480426,0.865309423
-32.04951298,1.913917938,2.300505048
40.19352376,0.206846746,0.591048701
124.7161985,0.715257081,-0.416085328
95.05850238,0.269868203,1.117408304
-193.8565765,-0.426440658,-0.674406108
21.05511229,0.448077716,-0.56732649
-23.15729391,0.8671614,0.356190335
34.64821008,-0.902733328,1.61182407
-47.55321097,-0.283510967,-1.11991292
101.5051398,1.713461724,-0.121425538
-23.59763489,-0.677479534,0.13913431
-63.01723519,-1.131933742,0.816631725
162.3807738,0.507026833,-1.270679305
110.1492472,0.883292735,1.308734479
-118.8967632,0.952029809,0.622292861
149.3149485,-0.417643039,-0.497226625
-114.1415562,-1.550444096,-0.359439074
-233.1229353,-1.453240032,1.040242738
-152.9120448,-0.499104694,-0.933475388
175.9301754,0.298006085,-0.777301761
-45.79299554,-0.452443204,-0.796603814
-135.0160923,-0.847471157,0.061356754
-125.0820036,0.510412925,0.836599005
67.18036813,0.700802518,-1.472014659
-125.3458168,0.063118582,-1.473066731
70.38831316,-0.038057763,0.3389398
-34.68345583,-0.458806699,0.486376429
34.03446288,0.089312197,0.657467314
63.2638307,0.67280984,-0.933491155
136.5948154,-1.159766033,1.706374168
-118.3436688,-0.61602132,-0.983027678
-29.62739562,-1.083688864,-0.223969803
-61.09501128,0.268332391,0.629997223
-68.69596005,-0.725134525,1.054185415
-17.50030624,-0.723172258,0.421346272
-71.29127946,-0.020570424,0.84176532
96.09411064,0.209518252,1.02280044
145.8134464,-0.163365568,0.621653922
216.2352902,1.241282778,1.174492788
66.11293131,0.389998083,-0.437977758
85.65644824,0.667318882,-0.19741417
211.6793226,0.817816004,0.73798218
-104.5880638,0.257197728,0.302626167
42.28789344,-0.085361678,-0.535427586
27.29734271,-0.559771284,-1.415611367
-34.71627915,0.958471306,0.76227475
-3.210134005,-1.304256405,-1.209051973
-67.04394712,-1.335038206,-0.208343323
179.0074375,0.043119439,0.704922318
109.9338711,2.135167289,-0.006863017
-200.9991348,0.305018973,0.086402535
206.8456279,1.576817451,1.71601287
-101.3142579,-1.202696015,-0.282392272
-16.25816136,0.89640698,0.230675562
-207.5076341,-0.770559342,-2.009625728
-49.32793601,-0.545289996,0.914548536
257.4425744,0.998904877,1.115313084
-329.7351404,-0.315372933,-0.402264924
160.7387329,-0.152778696,-0.055022194
-98.78799012,-1.066407785,0.623350317
-50.00666443,-0.715939821,-1.536058778
222.7104512,-1.299142917,1.454850847
137.5265269,-0.181231592,1.327380707
-147.434214,0.091775351,-0.689710485
-22.00619238,0.263428142,0.77731345
212.3542145,0.265982637,-1.120447728
132.968831,0.709927905,1.301772667
-70.15971774,-0.141387117,-0.028255488
207.918181,0.20792701,0.738662584
-85.29168315,-0.072205823,1.036989549
1.443117444,1.759532388,0.215541069
-136.9149907,-0.508950417,-0.739765366
-35.82440302,0.938577999,2.359037469
-138.4306037,-0.122749789,0.727507684
132.7910725,1.566071856,0.679404984
-16.88015025,0.515688569,0.73835036
116.5467311,0.814599479,-1.219347484
212.256029,1.416176049,-1.142842557
-62.52220215,0.150282798,-0.016507314
53.67940443,0.178054093,-2.349119257
17.46669661,1.952833895,-0.385940073
-62.24288947,0.054883063,0.190653252
-90.48531425,-1.051829464,-0.075502448
171.720744,-1.876884365,-0.878478773
163.7006941,0.231302535,-0.166457173
37.3398846,-0.431329943,1.168402116
215.5685186,1.999829492,-0.080917174
-43.45207531,-1.126893018,0.000726285
80.11570241,0.91277883,-0.256097327
-16.84619032,-0.842680095,1.402552819
24.86147451,-1.070219884,-1.447812154
-76.49723102,1.707492032,-0.24230339
1.350924902,1.156075515,-0.367542146
-195.9092472,-1.628218684,-0.807862919
2.862643542,0.851774225,1.636358011
-282.626289,-1.431585749,-0.444860098
-190.1465767,-1.925422069,-1.060137965
24.01181402,0.972795826,-1.524160312
-112.7684886,-0.109768076,-2.068349568
-4.094657403,-0.138117682,-0.288670147
110.702043,0.178956479,0.289492233
27.07305022,-0.138766203,1.913144108
-4.622872829,0.137521556,-0.194408432
244.2688416,1.661980965,-0.42733243
39.55762798,-0.730810015,0.960186806
17.11050116,0.339476196,-1.04949431
-22.53752217,-2.19304714,0.815447936
-65.7767276,0.553945393,0.172051545
-58.87102163,1.02475906,0.554407957
-207.1261828,-0.87760766,-0.499198677
-6.754299146,0.536393266,0.150300486
-160.82873,-0.486677554,1.144434393
-93.62343449,-1.614127642,0.117151885
-22.58858029,-0.510150775,0.128527649
84.42060665,-0.998621411,0.328261859
260.3221337,-0.054263627,0.716951072
183.0558773,-0.434209499,0.763841521
-133.6318689,-0.430946627,0.304820712
-88.93612942,0.254188764,-1.770230955
25.43199355,-2.256687427,-0.151788727
63.85165796,0.229755315,0.281783567
81.9078748,0.417268585,-0.423000589
105.4838771,1.251599834,0.097810355
0.889322026,-1.983398628,2.315947507
88.70065136,-0.472503074,-0.741834331
22.68547965,1.30111403,-1.435426079
-0.23076017,0.198118722,-0.362071115
23.97349389,0.028398319,-0.731708925
126.5031558,0.038982333,-1.52241606
29.74019942,-0.189609158,2.501411905
-135.3122475,-1.846868746,0.419704654
-229.1644162,-0.076259148,1.237774423
-99.30730182,-0.02417763,0.041776657
-143.8882932,-1.641428175,0.388695228
-2.839916447,0.813360338,-0.561581046
32.72589548,-0.371219557,-0.21972659
-101.4054812,-1.208599827,-0.574863266
-110.0523566,-0.797240037,-0.270331823
-5.449957663,-1.084576672,-1.426137994
-17.57568777,0.749236499,-1.099186932
-64.34606963,0.884269485,-1.280454113
205.9606756,0.42676859,1.040608505
-5.435533896,0.84931176,-0.394267751
-49.19841379,-0.96467548,0.746578265
-136.7323375,-0.57145954,-0.556262498
103.3351087,-1.419679512,0.345674747
76.6149278,1.738568795,-1.800993676
-258.4980048,-1.896524195,-1.277311418
-54.71761074,-0.237339579,-0.344593615
38.36579375,-0.828557967,-1.008699855
171.1684201,2.290790278,0.045580598
-97.31483185,0.088635712,-0.071303374
19.24323321,0.026321506,0.636096644
74.82800795,-0.073590325,-1.302810881
24.1488675,-0.374860123,-0.277376721
-156.167222,-1.269666906,-0.425656952
-29.37070632,0.406405209,0.533460964
-6.949538367,0.721324286,0.181559165
38.88450796,2.49694965,-0.994548204
81.30955167,0.175114079,-0.483725735
-177.4269707,0.176381966,-0.498729149
127.9867004,0.599433283,1.509126609
119.3183127,1.751441643,0.309911639
-17.48482852,0.372497301,-0.300740222
-23.60174895,0.2273934,0.799705414
-25.16481903,0.39498002,0.591308509
-73.93194018,-0.001691962,2.517741192
-66.98153971,0.027860671,-0.847574786
-45.32181356,0.11583829,-0.104282686
118.2057341,2.333524431,0.667552628
-139.8922123,0.491957444,-0.646149047
218.2849477,1.914272641,-0.988920461
-16.2092084,-1.235417048,-0.370762143
46.14123119,0.383351938,-0.611478072
10.53260134,-0.213021959,-0.12274528
-36.51850793,-0.490109059,0.567142746
-131.6256284,0.258265879,0.39434511
116.9302067,0.208627781,-1.266374591
-76.52159195,-2.390687014,-0.843057377
26.12705079,-0.934466526,1.884603547
-225.9396858,-0.173948145,0.899948207
-46.01388464,0.155411892,-0.686771528
-184.9549391,-1.129849826,1.016943753
120.3988527,1.968641671,-0.908932059
-36.67046544,-0.69529087,0.709844502
91.50965238,-0.431455135,0.182455804
105.856238,1.879650988,1.507298718
52.06856734,-0.886649959,0.625487422
-70.74662082,0.231450612,0.198361374
14.61699017,-0.296785545,1.726470099
-52.42423191,-1.23033896,-1.025952528
12.07634811,-0.80750194,-2.138140053
-243.8658122,0.264571885,-1.810655757
-78.3403305,0.39696904,0.705077873
-35.21498522,0.53124902,-0.459813719
-55.55010095,-0.118357922,-1.792464371
-3.436328437,-0.315444368,-0.223790675
-212.0576137,-0.533647161,-0.387157247
176.1343802,0.469585287,-0.853107049
123.2883046,0.409625476,0.001768192
-130.458395,0.708893421,0.338015693
79.32640404,1.108562459,1.563894957
-61.4624742,-0.403194181,-0.468114125
83.25906723,-0.144510415,0.627112413
294.4106439,1.793372107,-1.285405201
-93.00774666,-0.629249267,1.103655096
97.15717947,1.394297754,-0.551494926
146.9062794,0.84858449,-2.41961765
-42.67774617,-0.493250985,-0.080223114
-101.8943823,1.047490277,0.02202165
70.44221736,-0.084583842,-0.027759952
156.2959919,0.950025241,-0.29362717
41.62275465,-0.57580889,0.558854737
169.090232,-0.162595735,-1.559057701
62.70839091,-0.683799664,-0.346909106
208.8652432,0.384513095,0.019068315
130.3686151,0.779571745,-0.810542538
-0.330615283,-0.43643144,0.645140212
-84.4320335,-0.363250974,1.284926402
-137.1375358,0.09404967,-0.500969104
72.5462378,0.964446551,0.40592227
87.67892595,1.98082436,0.938869843
-42.65022576,0.595145402,0.652245544
-60.54628672,1.488028375,-0.899739431
-24.04813085,0.091908183,0.813129111
56.99764495,0.121215458,0.636562161
190.5700826,0.710948708,-0.495514318
100.9501536,-0.029240828,0.751257884
-67.04099709,1.683282074,-0.681868905
-30.85753166,-0.902097841,2.055956219
63.49231539,1.334905268,-0.457334224
-93.86419033,1.212678231,-0.170852332
-30.1144478,-0.060477588,0.228503099
18.81469683,0.19981975,-1.747055024
-42.28304076,-0.794200618,0.529867053
277.3160586,1.077106303,-0.176413698
-36.48673386,0.917428755,0.858095812
-42.95076422,0.475974387,-0.168634378
-20.93854716,-0.901729688,0.114580104
18.77284174,0.764436355,1.641040491
16.99340902,-1.136735912,0.166850302
-114.3797947,0.032708294,-1.21158028
77.89957643,-0.00778744,-0.222523567
180.9355565,1.631064042,1.016180485
-108.9561899,-1.200124477,0.360487337
-70.73282589,-0.150595098,1.248707539
-138.1460181,-0.928945703,-1.157949014
-218.6606252,-0.344822122,-0.138554017
-197.6176051,-1.428418727,0.775241137
-96.67226557,0.339884694,-0.317055124
82.21324238,1.750156482,-1.778729027
-113.3679018,0.144693294,-0.170026286
-41.98670639,-0.261390798,0.021371066
124.936922,0.301524092,1.270921491
144.0862631,0.9529016,-0.165711905
6.590147552,0.557590446,-0.656853199
152.3677292,0.712885177,0.337669315
40.08731391,0.25310954,1.215426047
28.96673892,0.245740208,1.454037816
241.8332354,2.406935063,0.637141087
-118.1688685,0.156440211,-1.91168373
-51.33882211,-0.688098365,-0.281274997
254.0611598,1.723589179,-0.315749909
39.96885852,0.255881765,0.818604932
140.0487829,0.937673002,0.331719122
-46.78838154,0.554764513,-0.076781511
-83.27582796,-0.663902682,0.67929348
-81.50930921,-0.311836829,1.575674396
130.9787356,1.291921732,-0.208718428
-20.30557461,-1.584934487,0.016833419
-5.865344764,0.26474849,-0.127272567
-64.0576898,-0.856836074,2.098381974
36.35481199,0.919442589,1.859440564
-115.5557104,0.870290461,-0.192154641
6.177823213,0.650627521,0.052127095
19.63975617,0.44007565,0.433081906
-149.784259,0.801669543,-0.220850613
-101.4046035,-1.721732942,-0.576563394
-39.7053743,1.061248491,1.163844422
137.7334419,0.284003317,0.447837787
44.69680571,-0.842812612,1.12721329
-87.50509484,-1.070505106,-0.221491977
162.6469844,0.785515829,-0.644734189
111.6735663,0.489029937,1.091926747
51.52338893,-0.109141766,0.745596442
74.32412071,1.530990037,1.4159851
-76.04832447,-0.912481278,0.714009665
-77.72628135,-0.167706555,1.544043555
-97.21756126,1.131763383,-0.794480334
184.6351291,0.242841594,0.789438999
-179.6583564,1.285362579,1.391189111
60.22956641,0.213098708,0.980947308
-98.12394213,-2.032959593,0.088944939
-32.39621314,-1.613806321,-1.870637852
210.5497073,1.016405915,0.745702551
59.40784461,1.87814835,0.189092539